<?xml version="1.0"?>
<ruleset name="CustomStandard">

	<description>PHP Code Sniffer custom coding standards</description>

	<!-- Tabs should represent 4 spaces -->
	<arg name="tab-width" value="4"/>
	...
	<!-- Indent using tabs instead of spaces -->
	<rule ref="Generic.WhiteSpace.ScopeIndent">
		<properties>
			<property name="tabIndent" value="true" />
		</properties>
	</rule>

	<!-- Checks that there is no padding inside parenthesis that are not being used by function declarations, function calls, or control structures -->
	<rule ref="Generic.WhiteSpace.ArbitraryParenthesesSpacing">
		<properties>
			<property name="spacing" value="0" />
			<!-- Ignores the property above if a long statement is broken over mutliple lines -->
			<property name="ignoreNewlines" value="true" />
		</properties>
	</rule>

	<!--  Checks that the ! operater is followed by no space -->
	<rule ref="Generic.Formatting.SpaceAfterNot">
		<properties>
			<property name="spacing" value="0" />
		</properties>
	</rule>

	<!-- Checks that function calls have the no padding inside their bracketed argument lists -->
	<rule ref="PEAR.Functions.FunctionCallSignature">
		<properties>
			<property name="requiredSpacesAfterOpen" value="0" />
			<property name="requiredSpacesBeforeClose" value="0" />
		</properties>
	</rule>

	<!-- Checks that control structures have no padding inside their bracketed statement -->
	<rule ref="PSR2.ControlStructures.ControlStructureSpacing">
		<properties>
			<property name="requiredSpacesAfterOpen" value="0" />
			<property name="requiredSpacesBeforeClose" value="0" />
		</properties>
	</rule>

	<!-- Checks that foreach structures have no padding inside their bracketed statement -->
	<rule ref="Squiz.ControlStructures.ForEachLoopDeclaration">
		<properties>
			<property name="requiredSpacesAfterOpen" value="0" />
			<property name="requiredSpacesBeforeClose" value="0" />
		</properties>
	</rule>

	<!-- Checks that for structures have no padding inside their bracketed statement -->
	<rule ref="Squiz.ControlStructures.ForLoopDeclaration">
		<properties>
			<property name="requiredSpacesAfterOpen" value="0" />
			<property name="requiredSpacesBeforeClose" value="0" />
			<!-- Ignores the property above if a long statement is broken over mutliple lines -->
			<property name="ignoreNewlines" value="true" />
		</properties>
	</rule>

</ruleset>
